[
  {"name": "New York City, USA", "lat": 40.7128, "lon": -74.0060},
  {"name": "Los Angeles, USA", "lat": 34.0522, "lon": -118.2437},
  {"name": "Chicago, USA", "lat": 41.8781, "lon": -87.6298},
  {"name": "Houston, USA", "lat": 29.7604, "lon": -95.3698},
  {"name": "Miami, USA", "lat": 25.7617, "lon": -80.1918},
  {"name": "Seattle, USA", "lat": 47.6062, "lon": -122.3321},
  {"name": "San Francisco, USA", "lat": 37.7749, "lon": -122.4194},
  {"name": "Denver, USA", "lat": 39.7392, "lon": -104.9903},
  {"name": "Boston, USA", "lat": 42.3601, "lon": -71.0589},
  {"name": "Atlanta, USA", "lat": 33.7490, "lon": -84.3880},
  {"name": "Mexico City, Mexico", "lat": 19.4326, "lon": -99.1332},
  {"name": "Toronto, Canada", "lat": 43.6532, "lon": -79.3832},
  {"name": "Vancouver, Canada", "lat": 49.2827, "lon": -123.1207},
  {"name": "Montreal, Canada", "lat": 45.5017, "lon": -73.5673},
  {"name": "Havana, Cuba", "lat": 23.1136, "lon": -82.3666},
  {"name": "Guatemala City, Guatemala", "lat": 14.6349, "lon": -90.5069},
  {"name": "Panama City, Panama", "lat": 8.9824, "lon": -79.5199},
  {"name": "Bogota, Colombia", "lat": 4.7110, "lon": -74.0721},
  {"name": "Lima, Peru", "lat": -12.0464, "lon": -77.0428},
  {"name": "Quito, Ecuador", "lat": -0.1807, "lon": -78.4678},
  {"name": "Sao Paulo, Brazil", "lat": -23.5505, "lon": -46.6333},
  {"name": "Rio de Janeiro, Brazil", "lat": -22.9068, "lon": -43.1729},
  {"name": "Brasilia, Brazil", "lat": -15.8267, "lon": -47.9218},
  {"name": "Buenos Aires, Argentina", "lat": -34.6037, "lon": -58.3816},
  {"name": "Santiago, Chile", "lat": -33.4489, "lon": -70.6693},
  {"name": "Montevideo, Uruguay", "lat": -34.9011, "lon": -56.1645},
  {"name": "Caracas, Venezuela", "lat": 10.4806, "lon": -66.9036},
  {"name": "London, UK", "lat": 51.5074, "lon": -0.1278},
  {"name": "Paris, France", "lat": 48.8566, "lon": 2.3522},
  {"name": "Berlin, Germany", "lat": 52.5200, "lon": 13.4050},
  {"name": "Madrid, Spain", "lat": 40.4168, "lon": -3.7038},
  {"name": "Rome, Italy", "lat": 41.9028, "lon": 12.4964},
  {"name": "Amsterdam, Netherlands", "lat": 52.3676, "lon": 4.9041},
  {"name": "Brussels, Belgium", "lat": 50.8503, "lon": 4.3517},
  {"name": "Vienna, Austria", "lat": 48.2082, "lon": 16.3738},
  {"name": "Stockholm, Sweden", "lat": 59.3293, "lon": 18.0686},
  {"name": "Oslo, Norway", "lat": 59.9139, "lon": 10.7522},
  {"name": "Copenhagen, Denmark", "lat": 55.6761, "lon": 12.5683},
  {"name": "Helsinki, Finland", "lat": 60.1699, "lon": 24.9384},
  {"name": "Reykjavik, Iceland", "lat": 64.1466, "lon": -21.9426},
  {"name": "Dublin, Ireland", "lat": 53.3498, "lon": -6.2603},
  {"name": "Lisbon, Portugal", "lat": 38.7223, "lon": -9.1393},
  {"name": "Athens, Greece", "lat": 37.9838, "lon": 23.7275},
  {"name": "Warsaw, Poland", "lat": 52.2297, "lon": 21.0122},
  {"name": "Prague, Czech Republic", "lat": 50.0755, "lon": 14.4378},
  {"name": "Budapest, Hungary", "lat": 47.4979, "lon": 19.0402},
  {"name": "Bucharest, Romania", "lat": 44.4268, "lon": 26.1025},
  {"name": "Moscow, Russia", "lat": 55.7558, "lon": 37.6173},
  {"name": "St. Petersburg, Russia", "lat": 59.9343, "lon": 30.3351},
  {"name": "Novosibirsk, Russia", "lat": 55.0084, "lon": 82.9357},
  {"name": "Vladivostok, Russia", "lat": 43.1150, "lon": 131.8855},
  {"name": "Yakutsk, Russia", "lat": 62.0355, "lon": 129.6755},
  {"name": "Istanbul, Turkey", "lat": 41.0082, "lon": 28.9784},
  {"name": "Ankara, Turkey", "lat": 39.9334, "lon": 32.8597},
  {"name": "Cairo, Egypt", "lat": 30.0444, "lon": 31.2357},
  {"name": "Casablanca, Morocco", "lat": 33.5731, "lon": -7.5898},
  {"name": "Algiers, Algeria", "lat": 36.7538, "lon": 3.0588},
  {"name": "Tunis, Tunisia", "lat": 36.8065, "lon": 10.1815},
  {"name": "Lagos, Nigeria", "lat": 6.5244, "lon": 3.3792},
  {"name": "Nairobi, Kenya", "lat": -1.2864, "lon": 36.8172},
  {"name": "Addis Ababa, Ethiopia", "lat": 9.0320, "lon": 38.7469},
  {"name": "Johannesburg, South Africa", "lat": -26.2041, "lon": 28.0473},
  {"name": "Cape Town, South Africa", "lat": -33.9249, "lon": 18.4241},
  {"name": "Kinshasa, DR Congo", "lat": -4.4419, "lon": 15.2663},
  {"name": "Accra, Ghana", "lat": 5.6037, "lon": -0.1870},
  {"name": "Dakar, Senegal", "lat": 14.7167, "lon": -17.4677},
  {"name": "Dar es Salaam, Tanzania", "lat": -6.7924, "lon": 39.2083},
  {"name": "Khartoum, Sudan", "lat": 15.5007, "lon": 32.5599},
  {"name": "Antananarivo, Madagascar", "lat": -18.8792, "lon": 47.5079},
  {"name": "Beijing, China", "lat": 39.9042, "lon": 116.4074},
  {"name": "Shanghai, China", "lat": 31.2304, "lon": 121.4737},
  {"name": "Hong Kong, China", "lat": 22.3193, "lon": 114.1694},
  {"name": "Tokyo, Japan", "lat": 35.6762, "lon": 139.6503},
  {"name": "Seoul, South Korea", "lat": 37.5665, "lon": 126.9780},
  {"name": "Bangkok, Thailand", "lat": 13.7563, "lon": 100.5018},
  {"name": "Singapore", "lat": 1.3521, "lon": 103.8198},
  {"name": "Kuala Lumpur, Malaysia", "lat": 3.1390, "lon": 101.6869},
  {"name": "Jakarta, Indonesia", "lat": -6.2088, "lon": 106.8456},
  {"name": "Manila, Philippines", "lat": 14.5995, "lon": 120.9842},
  {"name": "Hanoi, Vietnam", "lat": 21.0285, "lon": 105.8542},
  {"name": "Delhi, India", "lat": 28.7041, "lon": 77.1025},
  {"name": "Mumbai, India", "lat": 19.0760, "lon": 72.8777},
  {"name": "Kolkata, India", "lat": 22.5726, "lon": 88.3639},
  {"name": "Bangalore, India", "lat": 12.9716, "lon": 77.5946},
  {"name": "Dhaka, Bangladesh", "lat": 23.8103, "lon": 90.4125},
  {"name": "Karachi, Pakistan", "lat": 24.8607, "lon": 67.0011},
  {"name": "Islamabad, Pakistan", "lat": 33.6844, "lon": 73.0479},
  {"name": "Kathmandu, Nepal", "lat": 27.7172, "lon": 85.3240},
  {"name": "Colombo, Sri Lanka", "lat": 6.9271, "lon": 79.8612},
  {"name": "Kabul, Afghanistan", "lat": 34.5553, "lon": 69.2075},
  {"name": "Tehran, Iran", "lat": 35.6892, "lon": 51.3890},
  {"name": "Baghdad, Iraq", "lat": 33.3152, "lon": 44.3661},
  {"name": "Dubai, UAE", "lat": 25.2048, "lon": 55.2708},
  {"name": "Riyadh, Saudi Arabia", "lat": 24.7136, "lon": 46.6753},
  {"name": "Jerusalem, Israel", "lat": 31.7683, "lon": 35.2137},
  {"name": "Tel Aviv, Israel", "lat": 32.0853, "lon": 34.7818},
  {"name": "Beirut, Lebanon", "lat": 33.8886, "lon": 35.4955},
  {"name": "Damascus, Syria", "lat": 33.5138, "lon": 36.2765},
  {"name": "Amman, Jordan", "lat": 31.9454, "lon": 35.9284},
  {"name": "Sydney, Australia", "lat": -33.8688, "lon": 151.2093},
  {"name": "Melbourne, Australia", "lat": -37.8136, "lon": 144.9631},
  {"name": "Brisbane, Australia", "lat": -27.4698, "lon": 153.0251},
  {"name": "Perth, Australia", "lat": -31.9505, "lon": 115.8605},
  {"name": "Auckland, New Zealand", "lat": -36.8485, "lon": 174.7633},
  {"name": "Wellington, New Zealand", "lat": -41.2865, "lon": 174.7762},
  {"name": "Christchurch, New Zealand", "lat": -43.5321, "lon": 172.6362},
  {"name": "Suva, Fiji", "lat": -18.1248, "lon": 178.4501},
  {"name": "Port Moresby, Papua New Guinea", "lat": -9.4438, "lon": 147.1803},
  {"name": "Honolulu, Hawaii", "lat": 21.3099, "lon": -157.8581},
  {"name": "Anchorage, Alaska", "lat": 61.2181, "lon": -149.9003},
  {"name": "Mount Everest", "lat": 27.9881, "lon": 86.9250},
  {"name": "K2", "lat": 35.8825, "lon": 76.5133},
  {"name": "Mont Blanc", "lat": 45.8326, "lon": 6.8652},
  {"name": "Kilimanjaro", "lat": -3.0674, "lon": 37.3556},
  {"name": "Denali", "lat": 63.0692, "lon": -151.0070},
  {"name": "Aconcagua", "lat": -32.6532, "lon": -70.0109},
  {"name": "Elbrus", "lat": 43.3499, "lon": 42.4387},
  {"name": "Sahara Desert", "lat": 23.4162, "lon": 25.6628},
  {"name": "Arabian Desert", "lat": 23.2833, "lon": 46.7167},
  {"name": "Gobi Desert", "lat": 43.0000, "lon": 105.0000},
  {"name": "Atacama Desert", "lat": -24.5000, "lon": -69.2500},
  {"name": "Kalahari Desert", "lat": -24.5000, "lon": 21.0000},
  {"name": "Amazon Rainforest", "lat": -3.4653, "lon": -62.2159},
  {"name": "Congo Rainforest", "lat": -1.8312, "lon": 23.6566},
  {"name": "Lake Baikal", "lat": 53.5587, "lon": 108.1650},
  {"name": "Great Lakes", "lat": 45.0000, "lon": -84.0000},
  {"name": "Lake Victoria", "lat": -1.2921, "lon": 33.0000},
  {"name": "Caspian Sea", "lat": 42.0000, "lon": 51.0000},
  {"name": "Dead Sea", "lat": 31.5590, "lon": 35.4732},
  {"name": "Great Barrier Reef", "lat": -18.2871, "lon": 147.6992},
  {"name": "Grand Canyon", "lat": 36.1069, "lon": -112.1129},
  {"name": "Niagara Falls", "lat": 43.0896, "lon": -79.0849},
  {"name": "Victoria Falls", "lat": -17.9243, "lon": 25.8572},
  {"name": "Angel Falls", "lat": 5.9674, "lon": -62.5369},
  {"name": "North Atlantic Ocean", "lat": 40.0000, "lon": -30.0000},
  {"name": "South Atlantic Ocean", "lat": -20.0000, "lon": -10.0000},
  {"name": "North Pacific Ocean", "lat": 30.0000, "lon": -140.0000},
  {"name": "South Pacific Ocean", "lat": -20.0000, "lon": -140.0000},
  {"name": "Indian Ocean", "lat": -20.0000, "lon": 80.0000},
  {"name": "Arctic Ocean", "lat": 85.0000, "lon": 0.0000},
  {"name": "Southern Ocean", "lat": -65.0000, "lon": 0.0000},
  {"name": "Mediterranean Sea", "lat": 35.0000, "lon": 18.0000},
  {"name": "Caribbean Sea", "lat": 15.0000, "lon": -75.0000},
  {"name": "Red Sea", "lat": 22.0000, "lon": 38.0000},
  {"name": "Black Sea", "lat": 43.0000, "lon": 35.0000},
  {"name": "Baltic Sea", "lat": 58.0000, "lon": 20.0000},
  {"name": "Sea of Japan", "lat": 40.0000, "lon": 135.0000},
  {"name": "South China Sea", "lat": 12.0000, "lon": 113.0000},
  {"name": "Bay of Bengal", "lat": 15.0000, "lon": 88.0000},
  {"name": "Persian Gulf", "lat": 26.0000, "lon": 52.0000},
  {"name": "Hudson Bay", "lat": 60.0000, "lon": -85.0000},
  {"name": "Greenland", "lat": 71.7069, "lon": -42.6043},
  {"name": "Madagascar", "lat": -19.0000, "lon": 46.0000},
  {"name": "Iceland", "lat": 64.9631, "lon": -19.0208},
  {"name": "New Guinea", "lat": -5.5000, "lon": 141.6000},
  {"name": "Borneo", "lat": 0.9619, "lon": 114.5548},
  {"name": "Sumatra", "lat": -0.5897, "lon": 101.3431},
  {"name": "Honshu, Japan", "lat": 36.0000, "lon": 138.0000},
  {"name": "Great Britain", "lat": 54.0000, "lon": -2.5000},
  {"name": "Cuba", "lat": 21.5218, "lon": -79.3812},
  {"name": "Hispaniola", "lat": 18.7357, "lon": -70.1627},
  {"name": "Tasmania", "lat": -42.0000, "lon": 147.0000},
  {"name": "Sri Lanka", "lat": 7.8731, "lon": 80.7718},
  {"name": "Taiwan", "lat": 23.6978, "lon": 120.9605},
  {"name": "Sicily", "lat": 37.5994, "lon": 14.0154},
  {"name": "Sardinia", "lat": 40.1209, "lon": 9.0129},
  {"name": "Cyprus", "lat": 35.1264, "lon": 33.4299},
  {"name": "Crete", "lat": 35.2401, "lon": 24.8093},
  {"name": "Hawaii Islands", "lat": 20.7984, "lon": -156.3319},
  {"name": "Galapagos Islands", "lat": -0.9538, "lon": -90.9656},
  {"name": "Maldives", "lat": 3.2028, "lon": 73.2207},
  {"name": "Seychelles", "lat": -4.6796, "lon": 55.4920},
  {"name": "Mauritius", "lat": -20.1609, "lon": 57.5012},
  {"name": "Azores", "lat": 37.7412, "lon": -25.6756},
  {"name": "Canary Islands", "lat": 28.2916, "lon": -16.6291},
  {"name": "Cape Verde", "lat": 16.0000, "lon": -24.0000},
  {"name": "Easter Island", "lat": -27.1127, "lon": -109.3497},
  {"name": "Tahiti", "lat": -17.6509, "lon": -149.4260},
  {"name": "Samoa", "lat": -13.7590, "lon": -172.1046},
  {"name": "Guam", "lat": 13.4443, "lon": 144.7937},
  {"name": "Marshall Islands", "lat": 7.1315, "lon": 171.1845},
  {"name": "Micronesia", "lat": 6.8874, "lon": 158.2150},
  {"name": "Bering Strait", "lat": 65.7500, "lon": -169.0000},
  {"name": "Strait of Gibraltar", "lat": 36.0000, "lon": -5.6000},
  {"name": "Panama Canal", "lat": 9.1000, "lon": -79.7333},
  {"name": "Suez Canal", "lat": 30.5852, "lon": 32.2654},
  {"name": "Strait of Malacca", "lat": 2.5000, "lon": 100.0000},
  {"name": "Drake Passage", "lat": -60.0000, "lon": -65.0000},
  {"name": "Machu Picchu", "lat": -13.1631, "lon": -72.5450},
  {"name": "Petra, Jordan", "lat": 30.3285, "lon": 35.4444},
  {"name": "Great Wall of China", "lat": 40.4319, "lon": 116.5704},
  {"name": "Stonehenge", "lat": 51.1789, "lon": -1.8262},
  {"name": "Angkor Wat", "lat": 13.4125, "lon": 103.8670}
]
